id,sentiment,positive,negative,neutral
1,Positive,1,0,0
2,Positive,1,0,0
3,Positive,1,0,0
4,Positive,1,0,2
5,Positive,1,0,0
6,Neutral,0,0,2
7,Positive,1,0,1
8,Neutral,0,0,1
9,Positive,1,0,1
10,Mixed,1,2,0
11,Negative,0,1,0
12,Positive,1,0,1
13,Positive,1,0,1
14,Neutral,0,0,2
15,Positive,2,0,0
16,Positive,2,0,0
17,Positive,2,0,0
18,Neutral,0,0,1
19,Negative,0,1,0
20,Neutral,0,0,1
21,Mixed,2,1,0
22,Neutral,0,0,1
23,Positive,1,0,0
24,Mixed,2,1,0
25,Positive,1,0,0
26,Positive,2,0,0
27,Neutral,0,0,1
28,Neutral,0,0,1
29,Positive,1,0,0
30,Neutral,0,0,2
31,Positive,1,0,0
32,Positive,1,0,0
33,Negative,0,1,0
34,Positive,1,0,1
35,Positive,1,0,0
36,Neutral,0,0,1
37,Positive,4,0,0
38,Positive,1,0,1
39,Positive,1,0,0
40,Positive,1,0,0
41,Positive,1,0,1
42,Positive,1,0,0
43,Negative,0,1,1
44,Neutral,0,0,1
45,Neutral,0,0,1
46,Positive,1,0,1
47,Positive,1,0,1
48,Positive,1,0,0
49,Positive,2,0,0
50,Positive,1,0,0
51,Neutral,0,0,4
52,Positive,1,0,1
53,Positive,1,0,0
54,Neutral,0,0,1
55,Positive,1,0,0
56,Positive,1,0,0
57,Mixed,1,1,2
58,Neutral,0,0,1
59,Neutral,0,0,2
60,Neutral,0,0,2
61,Neutral,0,0,1
62,Positive,1,0,0
63,Positive,1,0,0
64,Positive,4,0,1
65,Positive,1,0,1
66,Positive,1,0,0
67,Positive,1,0,2
68,Negative,0,1,1
69,Positive,1,0,0
70,Neutral,0,0,2
71,Positive,2,0,0
72,Neutral,0,0,1
73,Neutral,0,0,1
74,Neutral,0,0,1
75,Neutral,0,0,1
76,Neutral,0,0,1
77,Mixed,1,1,1
78,Negative,0,1,1
79,Positive,1,0,1
80,Positive,2,0,0
81,Positive,1,0,1
82,Positive,1,0,0
83,Positive,1,0,0
84,Neutral,0,0,1
85,Positive,2,0,0
86,Negative,0,1,0
87,Negative,0,1,2
88,Positive,3,0,0
89,Neutral,0,0,2
90,Positive,1,0,0
91,Positive,1,0,0
92,Neutral,0,0,1
93,Neutral,0,0,1
94,Mixed,1,1,0
95,Neutral,0,0,1
96,Negative,0,1,0
97,Neutral,0,0,1
98,Positive,2,0,0
99,Positive,1,0,1
100,Positive,1,0,1
101,Positive,1,0,0
102,Negative,0,1,0
103,Positive,1,0,0
104,Neutral,0,0,1
105,Mixed,1,1,1
106,Positive,1,0,0
107,Neutral,0,0,1
108,Positive,1,0,0
109,Positive,2,0,1
110,Positive,1,0,2
111,Positive,1,0,0
112,Positive,1,0,1
113,Positive,2,0,0
114,Neutral,0,0,1
115,Positive,2,0,0
116,Neutral,0,0,1
117,Positive,1,0,0
118,Positive,1,0,1
119,Neutral,0,0,1
120,Mixed,1,1,0
121,Positive,1,0,1
122,Positive,1,0,1
123,Negative,0,1,0
124,Positive,1,0,0
125,Neutral,0,0,2
126,Negative,0,1,0
127,Neutral,0,0,1
128,Positive,1,0,0
129,Positive,1,0,1
130,Positive,1,0,0
131,Mixed,3,1,0
132,Neutral,0,0,1
133,Positive,1,0,0
134,Neutral,0,0,1
135,Neutral,0,0,1
136,Neutral,0,0,1
137,Positive,1,0,2
138,Positive,1,0,0
139,Positive,1,0,0
140,Positive,1,0,1
141,Neutral,0,0,1
142,Positive,1,0,0
143,Neutral,0,0,1
144,Negative,0,1,0
145,Positive,1,0,0
146,Mixed,1,1,0
147,Positive,1,0,0
148,Neutral,0,0,1
149,Mixed,1,1,1
150,Positive,1,0,2
151,Positive,2,0,2
152,Positive,2,0,2
153,Negative,0,1,3
154,Mixed,1,1,0
155,Positive,1,0,1
156,Positive,2,0,2
157,Positive,1,0,0
158,Positive,1,0,0
159,Negative,0,1,1
160,Positive,1,0,2
161,Positive,1,0,1
162,Positive,2,0,0
163,Positive,2,0,0
164,Neutral,0,0,1
165,Positive,1,0,1
166,Positive,1,0,1
167,Neutral,0,0,1
168,Mixed,1,1,0
169,Neutral,0,0,1
170,Neutral,0,0,1
171,Positive,2,0,0
172,Neutral,0,0,1
173,Positive,1,0,0
174,Positive,1,0,0
175,Positive,1,0,0
176,Positive,1,0,0
177,Negative,0,1,1
178,Positive,1,0,0
179,Neutral,0,0,1
180,Negative,0,1,0
181,Positive,1,0,1
182,Positive,1,0,0
183,Neutral,0,0,1
184,Positive,2,0,0
185,Positive,1,0,1
186,Positive,1,0,0
187,Positive,1,0,0
188,Positive,1,0,0
189,Neutral,0,0,2
190,Positive,1,0,0
191,Positive,1,0,0
192,Negative,0,1,0
193,Neutral,0,0,2
194,Positive,1,0,0
195,Positive,1,0,2
196,Neutral,0,0,1
197,Negative,0,1,1
198,Neutral,0,0,2
199,Positive,1,0,0
200,Positive,1,0,1
201,Positive,1,0,2
202,Neutral,0,0,2
203,Positive,1,0,0
204,Neutral,0,0,18
205,Positive,1,0,1
206,Positive,1,0,0
207,Positive,1,0,0
208,Neutral,0,0,1
209,Positive,1,0,0
210,Positive,1,0,1
211,Positive,1,0,1
212,Positive,1,0,1
213,Neutral,0,0,1
214,Neutral,0,0,1
215,Positive,2,0,0
216,Positive,1,0,0
217,Positive,1,0,0
218,Negative,0,1,0
219,Neutral,0,0,2
220,Neutral,0,0,1
221,Negative,0,1,0
222,Neutral,0,0,1
223,Positive,1,0,1
224,Neutral,0,0,1
225,Neutral,0,0,1
226,Negative,0,1,0
227,Neutral,0,0,2
228,Neutral,0,0,1
229,Positive,1,0,0
230,Negative,0,1,0
231,Negative,0,1,0
232,Neutral,0,0,1
233,Positive,1,0,0
234,Neutral,0,0,1
235,Positive,2,0,2
236,Positive,1,0,0
237,Positive,2,0,1
238,Negative,0,1,2
239,Positive,1,0,3
240,Neutral,0,0,2
241,Neutral,0,0,2
242,Negative,0,1,0
243,Neutral,0,0,1
244,Positive,1,0,0
245,Negative,0,1,0
246,Positive,1,0,0
247,Mixed,2,1,0
248,Negative,0,1,1
249,Positive,2,0,0
250,Positive,1,0,0
251,Neutral,0,0,1
252,Neutral,0,0,1
253,Positive,1,0,1
254,Positive,1,0,0
255,Neutral,0,0,2
256,Positive,1,0,0
257,Neutral,0,0,5
258,Positive,1,0,2
259,Positive,2,0,0
260,Positive,3,0,1
261,Positive,2,0,0
262,Positive,1,0,1
263,Neutral,0,0,2
264,Positive,1,0,0
265,Positive,1,0,0
266,Positive,1,0,1
267,Positive,1,0,0
268,Positive,2,0,0
269,Neutral,0,0,1
270,Neutral,0,0,3
271,Positive,1,0,0
272,Positive,1,0,0
273,Positive,1,0,0
274,Positive,2,0,2
275,Neutral,0,0,1
276,Positive,2,0,0
277,Positive,1,0,0
278,Positive,1,0,2
279,Neutral,0,0,1
280,Positive,1,0,2
281,Positive,1,0,0
282,Positive,2,0,0
283,Mixed,1,1,0
284,Negative,0,1,4
285,Positive,1,0,1
286,Positive,2,0,1
287,Neutral,0,0,1
288,Positive,1,0,0
289,Neutral,0,0,1
290,Positive,1,0,0
291,Positive,1,0,0
292,Neutral,0,0,1
293,Positive,1,0,0
294,Negative,0,1,0
295,Negative,0,2,0
296,Positive,1,0,2
297,Mixed,1,1,1
298,Positive,1,0,0
299,Positive,1,0,0
300,Neutral,0,0,1
301,Positive,1,0,0
302,Positive,1,0,0
303,Mixed,1,1,0
304,Neutral,0,0,1
305,Positive,1,0,0
306,Neutral,0,0,1
307,Negative,0,1,1
308,Positive,2,0,0
309,Positive,2,0,1
310,Positive,1,0,0
311,Negative,0,1,0
312,Negative,0,1,2
313,Positive,1,0,2
314,Neutral,0,0,1
315,Mixed,1,1,1
316,Positive,2,0,1
317,Positive,1,0,2
318,Positive,1,0,0
319,Positive,2,0,3
320,Positive,1,0,0
321,Mixed,1,1,0
322,Positive,1,0,0
323,Positive,1,0,2
324,Neutral,0,0,1
325,Positive,1,0,0
326,Positive,1,0,1
327,Negative,0,1,1
328,Positive,1,0,0
329,Negative,0,2,0
330,Positive,2,0,1
331,Positive,1,0,1
332,Positive,1,0,0
333,Neutral,0,0,1
334,Positive,1,0,0
335,Neutral,0,0,2
336,Positive,2,0,1
337,Positive,1,0,0
338,Neutral,0,0,2
339,Neutral,0,0,1
340,Positive,1,0,1
341,Positive,1,0,0
342,Neutral,0,0,3
343,Positive,1,0,1
344,Mixed,1,1,0
345,Neutral,0,0,1
346,Negative,0,1,1
347,Positive,1,0,1
348,Positive,2,0,0
349,Neutral,0,0,2
350,Positive,1,0,1
351,Positive,1,0,1
352,Positive,1,0,0
353,Neutral,0,0,1
354,Positive,1,0,0
355,Positive,1,0,1
356,Positive,1,0,1
357,Positive,1,0,1
358,Positive,1,0,1
359,Neutral,0,0,2
360,Negative,0,1,0
361,Negative,0,1,0
362,Neutral,0,0,1
363,Positive,1,0,0
364,Neutral,0,0,1
365,Positive,2,0,0
366,Positive,1,0,1
367,Negative,0,1,0
368,Positive,1,0,0
369,Negative,0,1,1
370,Positive,4,0,0
371,Negative,0,1,0
372,Mixed,2,1,0
373,Neutral,0,0,1
374,Neutral,0,0,1
375,Neutral,0,0,1
376,Positive,2,0,0
377,Negative,0,2,0
378,Positive,1,0,1
379,Positive,1,0,1
380,Neutral,0,0,1
381,Neutral,0,0,1
382,Positive,1,0,1
383,Positive,1,0,1
384,Neutral,0,0,3
385,Mixed,1,1,1
386,Negative,0,1,0
387,Negative,0,1,2
388,Positive,2,0,0
389,Positive,2,0,0
390,Neutral,0,0,2
391,Mixed,1,3,1
392,Neutral,0,0,1
393,Neutral,0,0,2
394,Positive,1,0,0
395,Neutral,0,0,1
396,Negative,0,1,2
397,Positive,1,0,1
398,Positive,1,0,0
399,Positive,1,0,0
400,Positive,1,0,0
401,Neutral,0,0,1
402,Neutral,0,0,1
403,Positive,1,0,0
404,Positive,1,0,2
405,Neutral,0,0,3
406,Positive,2,0,0
407,Neutral,0,0,2
408,Negative,0,1,0
409,Neutral,0,0,1
410,Neutral,0,0,1
411,Negative,0,1,0
412,Neutral,0,0,1
413,Positive,1,0,1
414,Positive,1,0,1
415,Positive,1,0,0
416,Positive,1,0,1
417,Neutral,0,0,2
418,Positive,1,0,0
419,Positive,1,0,0
420,Negative,0,1,2
421,Negative,0,1,0
422,Negative,0,2,0
423,Neutral,0,0,1
424,Positive,2,0,0
425,Positive,1,0,2
426,Positive,1,0,1
427,Positive,2,0,0
428,Positive,1,0,1
429,Negative,0,2,0
430,Positive,1,0,1
431,Positive,2,0,0
432,Neutral,0,0,2
433,Positive,1,0,0
434,Neutral,0,0,1
435,Positive,1,0,0
436,Positive,1,0,0
437,Neutral,0,0,2
438,Positive,1,0,0
439,Positive,2,0,0
440,Neutral,0,0,1
441,Positive,1,0,1
442,Positive,1,0,0
443,Positive,1,0,0
444,Positive,1,0,1
445,Positive,1,0,0
446,Positive,2,0,1
447,Neutral,0,0,1
448,Positive,2,0,1
449,Positive,3,0,0
450,Neutral,0,0,1
451,Positive,1,0,0
452,Neutral,0,0,1
453,Positive,2,0,1
454,Positive,2,0,0
455,Positive,1,0,0
456,Positive,1,0,2
457,Neutral,0,0,1
458,Negative,0,1,1
459,Negative,0,2,0
460,Positive,1,0,0
461,Positive,2,0,0
462,Neutral,0,0,2
463,Neutral,0,0,2
464,Negative,0,1,0
465,Positive,1,0,1
466,Mixed,1,1,0
467,Neutral,0,0,1
468,Neutral,0,0,1
469,Positive,1,0,1
470,Neutral,0,0,1
471,Neutral,0,0,1
472,Neutral,0,0,1
473,Neutral,0,0,1
474,Positive,1,0,0
475,Positive,1,0,0
476,Positive,1,0,1
477,Positive,2,0,3
478,Positive,2,0,0
479,Negative,0,1,2
480,Positive,2,0,0
481,Neutral,0,0,3
482,Negative,0,1,0
483,Positive,1,0,0
484,Positive,1,0,0
485,Negative,0,1,0
486,Positive,1,0,0
487,Mixed,1,1,0
488,Negative,0,1,0
489,Negative,0,2,1
490,Negative,0,1,0
491,Positive,1,0,1
492,Positive,1,0,1
493,Neutral,0,0,1
494,Positive,1,0,0
495,Positive,1,0,1
496,Positive,2,0,0
497,Positive,1,0,0
498,Neutral,0,0,1
499,Positive,1,0,0
500,Positive,1,0,0
501,Neutral,0,0,2
502,Neutral,0,0,1
503,Mixed,1,1,1
504,Positive,1,0,0
505,Positive,1,0,1
506,Positive,1,0,0
507,Neutral,0,0,1
508,Negative,0,1,1
509,Neutral,0,0,1
510,Positive,1,0,1
511,Positive,1,0,0
512,Neutral,0,0,1
513,Positive,1,0,0
514,Positive,1,0,1
515,Negative,0,1,0
516,Positive,1,0,0
517,Negative,0,1,0
518,Positive,1,0,0
519,Mixed,1,1,0
520,Positive,1,0,1
521,Positive,1,0,2
522,Negative,0,1,0
523,Positive,1,0,0
524,Positive,1,0,0
525,Positive,1,0,2
526,Positive,1,0,1
527,Positive,1,0,1
528,Positive,2,0,0
529,Positive,1,0,0
530,Positive,1,0,1
531,Positive,1,0,0
532,Neutral,0,0,2
533,Positive,1,0,0
534,Positive,2,0,0
535,Positive,2,0,0
536,Positive,1,0,0
537,Positive,1,0,2
538,Neutral,0,0,2
539,Negative,0,1,0
540,Negative,0,1,0
541,Negative,0,1,1
542,Negative,0,1,0
543,Positive,1,0,0
544,Neutral,0,0,1
545,Neutral,0,0,1
546,Neutral,0,0,1
547,Neutral,0,0,1
548,Positive,1,0,2
549,Positive,1,0,0
550,Positive,1,0,0
551,Positive,1,0,0
552,Positive,1,0,0
553,Neutral,0,0,1
554,Positive,1,0,0
555,Mixed,1,1,0
556,Positive,1,0,1
557,Neutral,0,0,2
558,Mixed,2,1,0
559,Positive,2,0,1
560,Positive,1,0,1
561,Positive,1,0,0
562,Mixed,1,1,3
563,Positive,3,0,0
564,Positive,1,0,0
565,Positive,1,0,2
566,Positive,1,0,0
567,Neutral,0,0,1
568,Positive,2,0,1
569,Positive,1,0,0
570,Negative,0,1,1
571,Neutral,0,0,3
572,Positive,2,0,1
573,Positive,2,0,0
574,Neutral,0,0,1
575,Neutral,0,0,1
576,Neutral,0,0,1
577,Mixed,1,1,1
578,Positive,1,0,0
579,Positive,1,0,0
580,Positive,2,0,0
581,Negative,0,1,1
582,Neutral,0,0,1
583,Neutral,0,0,3
584,Neutral,0,0,1
585,Positive,1,0,0
586,Positive,1,0,0
587,Positive,2,0,0
588,Negative,0,1,0
589,Mixed,1,1,1
590,Negative,0,1,0
591,Neutral,0,0,1
592,Negative,0,1,1
593,Neutral,0,0,1
594,Positive,1,0,0
595,Positive,1,0,0
596,Positive,2,0,1
597,Positive,1,0,1
598,Positive,1,0,1
599,Negative,0,1,1
600,Neutral,0,0,1
601,Positive,2,0,0
602,Neutral,0,0,1
603,Positive,1,0,0
604,Positive,2,0,0
605,Negative,0,2,1
606,Neutral,0,0,1
607,Negative,0,1,1
608,Neutral,0,0,1
609,Negative,0,1,1
610,Positive,1,0,0
611,Positive,1,0,0
612,Neutral,0,0,2
613,Negative,0,1,1
614,Positive,2,0,0
615,Positive,1,0,2
616,Negative,0,1,0
617,Positive,1,0,0
618,Positive,2,0,0
619,Positive,1,0,2
620,Positive,1,0,0
621,Neutral,0,0,2
622,Neutral,0,0,2
623,Neutral,0,0,1
624,Positive,4,0,2
625,Positive,1,0,0
626,Positive,1,0,0
627,Positive,1,0,1
628,Neutral,0,0,1
629,Positive,1,0,0
630,Neutral,0,0,1
631,Positive,2,0,0
632,Negative,0,1,0
633,Neutral,0,0,1
634,Positive,1,0,0
635,Positive,2,0,0
636,Positive,1,0,0
637,Positive,1,0,1
638,Positive,1,0,1
639,Negative,0,1,0
640,Neutral,0,0,1
641,Positive,1,0,0
642,Positive,1,0,0
643,Neutral,0,0,1
644,Positive,1,0,0
645,Positive,1,0,0
646,Positive,1,0,1
647,Neutral,0,0,1
648,Positive,2,0,0
649,Neutral,0,0,1
650,Positive,1,0,2
651,Positive,1,0,2
652,Positive,1,0,1
653,Positive,1,0,2
654,Neutral,0,0,1
655,Positive,1,0,0
656,Neutral,0,0,2
657,Positive,2,0,0
658,Positive,1,0,1
659,Positive,1,0,0
660,Positive,1,0,0
661,Negative,0,1,0
662,Positive,1,0,1
663,Positive,1,0,0
664,Neutral,0,0,1
665,Positive,1,0,0
666,Neutral,0,0,1
667,Neutral,0,0,1
668,Negative,0,1,0
669,Positive,1,0,1
670,Positive,1,0,0
671,Positive,1,0,3
672,Positive,1,0,0
673,Positive,1,0,2
674,Neutral,0,0,3
675,Positive,2,0,0
676,Positive,3,0,0
677,Neutral,0,0,1
678,Negative,0,1,0
679,Neutral,0,0,2
680,Positive,1,0,1
681,Neutral,0,0,1
682,Mixed,1,1,0
683,Neutral,0,0,1
684,Positive,1,0,2
685,Positive,1,0,0
686,Neutral,0,0,1
687,Positive,1,0,0
688,Positive,1,0,0
689,Positive,2,0,2
690,Positive,1,0,1
691,Positive,1,0,0
692,Neutral,0,0,1
693,Positive,1,0,0
694,Negative,0,1,0
695,Positive,1,0,0
696,Negative,0,1,1
697,Positive,3,0,1
698,Neutral,0,0,2
699,Positive,2,0,0
700,Negative,0,2,0
701,Neutral,0,0,1
702,Negative,0,1,0
703,Positive,1,0,0
704,Positive,1,0,2
705,Positive,1,0,0
706,Mixed,1,1,1
707,Positive,1,0,0
708,Positive,2,0,0
709,Positive,1,0,1
710,Negative,0,2,1
711,Neutral,0,0,1
712,Positive,1,0,0
713,Negative,0,1,0
714,Neutral,0,0,1
715,Positive,1,0,2
716,Positive,2,0,2
717,Neutral,0,0,1
718,Positive,1,0,1
719,Neutral,0,0,2
720,Negative,0,1,0
721,Positive,1,0,1
722,Mixed,1,1,1
723,Positive,1,0,1
724,Positive,1,0,0
725,Neutral,0,0,1
726,Positive,1,0,1
727,Positive,1,0,1
728,Neutral,0,0,1
729,Negative,0,1,1
730,Positive,1,0,1
731,Neutral,0,0,2
732,Positive,1,0,0
733,Positive,1,0,0
734,Positive,1,0,1
735,Positive,1,0,0
736,Positive,1,0,0
737,Positive,3,0,2
738,Neutral,0,0,1
739,Neutral,0,0,2
740,Positive,2,0,0
741,Negative,0,1,0
742,Positive,1,0,0
743,Negative,0,1,1
744,Positive,3,0,0
745,Neutral,0,0,1
746,Mixed,1,1,1
747,Positive,1,0,1
748,Positive,2,0,2
749,Positive,2,0,0
750,Positive,1,0,1
751,Positive,3,0,0
752,Positive,1,0,0
753,Neutral,0,0,1
754,Neutral,0,0,1
755,Positive,1,0,0
756,Neutral,0,0,3
757,Mixed,1,1,0
758,Positive,2,0,2
759,Positive,1,0,3
760,Positive,1,0,0
761,Neutral,0,0,1
762,Neutral,0,0,3
763,Positive,1,0,0
764,Positive,1,0,0
765,Neutral,0,0,1
766,Positive,3,0,1
767,Negative,0,1,0
768,Positive,1,0,0
769,Positive,2,0,0
770,Positive,1,0,0
771,Positive,1,0,0
772,Neutral,0,0,1
773,Negative,0,2,0
774,Positive,1,0,0
775,Positive,1,0,0
776,Positive,1,0,0
777,Negative,0,1,0
778,Positive,1,0,2
779,Neutral,0,0,3
780,Positive,1,0,0
781,Neutral,0,0,1
782,Positive,1,0,0
783,Neutral,0,0,2
784,Positive,1,0,0
785,Neutral,0,0,2
786,Negative,0,1,1
787,Neutral,0,0,1
788,Positive,1,0,0
789,Neutral,0,0,1
790,Neutral,0,0,1
791,Positive,1,0,1
792,Positive,1,0,0
793,Negative,0,1,2
794,Positive,2,0,0
795,Negative,0,1,0
796,Positive,1,0,1
797,Neutral,0,0,2
798,Negative,0,2,2
799,Positive,1,0,0
800,Neutral,0,0,1
801,Positive,3,0,1
802,Positive,1,0,0
803,Negative,0,1,0
804,Negative,0,1,1
805,Mixed,1,1,2
806,Negative,0,2,1
807,Neutral,0,0,2
808,Neutral,0,0,1
809,Negative,0,1,0
810,Neutral,0,0,2
811,Positive,1,0,0
812,Negative,0,2,0
813,Negative,0,1,0
814,Negative,0,1,0
815,Neutral,0,0,1
816,Negative,0,1,1
817,Negative,0,1,0
818,Positive,3,0,0
819,Neutral,0,0,1
820,Negative,0,2,0
821,Negative,0,1,0
822,Negative,0,1,2
823,Negative,0,1,0
824,Negative,0,1,0
825,Neutral,0,0,1
826,Negative,0,1,1
827,Negative,0,1,0
828,Mixed,1,2,0
829,Negative,0,1,0
830,Negative,0,1,1
831,Negative,0,1,0
832,Mixed,1,1,1
833,Negative,0,1,0
834,Positive,2,0,0
835,Positive,1,0,0
836,Negative,0,1,0
837,Neutral,0,0,1
838,Negative,0,1,0
839,Neutral,0,0,2
840,Positive,2,0,3
841,Negative,0,1,0
842,Mixed,1,1,1
843,Positive,1,0,0
844,Negative,0,1,0
845,Mixed,1,2,1
846,Negative,0,1,0
847,Negative,0,1,0
848,Negative,0,1,0
849,Neutral,0,0,1
850,Negative,0,2,0
851,Negative,0,1,0
852,Neutral,0,0,2
853,Negative,0,1,0
854,Negative,0,2,1
855,Neutral,0,0,1
856,Negative,0,2,2
857,Negative,0,1,0
858,Negative,0,1,1
859,Negative,0,1,0
860,Neutral,0,0,1
861,Neutral,0,0,1
862,Negative,0,1,0
863,Negative,0,1,0
864,Mixed,1,1,0
865,Negative,0,1,0
866,Positive,1,0,0
867,Negative,0,1,0
868,Neutral,0,0,2
869,Positive,1,0,0
870,Negative,0,2,0
871,Mixed,2,1,0
872,Negative,0,1,0
873,Negative,0,1,0
874,Negative,0,1,0
875,Negative,0,1,0
876,Negative,0,1,0
877,Negative,0,2,1
878,Negative,0,1,0
879,Negative,0,2,1
880,Negative,0,1,0
881,Positive,1,0,0
882,Neutral,0,0,2
883,Negative,0,2,0
884,Negative,0,1,0
885,Mixed,2,1,0
886,Negative,0,1,1
887,Negative,0,2,0
888,Negative,0,1,0
889,Mixed,1,2,1
890,Negative,0,1,0
891,Negative,0,1,1
892,Positive,2,0,1
893,Negative,0,1,0
894,Positive,1,0,0
895,Positive,2,0,0
896,Mixed,1,1,3
897,Negative,0,1,0
898,Negative,0,1,1
899,Mixed,1,1,1
900,Neutral,0,0,1
901,Positive,1,0,2
902,Neutral,0,0,1
903,Negative,0,1,0
904,Negative,0,1,1
905,Negative,0,1,0
906,Negative,0,1,1
907,Negative,0,1,0
908,Neutral,0,0,1
909,Mixed,1,1,1
910,Positive,1,0,0
911,Positive,1,0,1
912,Negative,0,1,1
913,Negative,0,1,1
914,Negative,0,1,0
915,Neutral,0,0,3
916,Positive,1,0,0
917,Neutral,0,0,1
918,Negative,0,1,0
919,Positive,1,0,0
920,Positive,1,0,0
921,Neutral,0,0,1
922,Negative,0,1,0
923,Mixed,1,1,0
924,Neutral,0,0,3
925,Neutral,0,0,1
926,Mixed,1,1,1
927,Positive,2,0,0
928,Mixed,1,1,0
929,Neutral,0,0,1
930,Negative,0,1,2
931,Negative,0,1,0
932,Negative,0,1,0
933,Positive,1,0,3
934,Positive,2,0,0
935,Negative,0,1,0
936,Neutral,0,0,1
937,Neutral,0,0,2
938,Positive,2,0,1
939,Negative,0,1,2
940,Negative,0,1,0
941,Mixed,1,1,2
942,Negative,0,1,0
943,Neutral,0,0,1
944,Negative,0,1,0
945,Positive,1,0,0
946,Negative,0,1,0
947,Neutral,0,0,1
948,Negative,0,1,0
949,Negative,0,1,2
950,Neutral,0,0,1
951,Neutral,0,0,1
952,Negative,0,1,0
953,Neutral,0,0,2
954,Negative,0,2,2
955,Positive,1,0,0
956,Mixed,1,2,1
957,Negative,0,1,1
958,Negative,0,1,1
959,Neutral,0,0,1
960,Positive,2,0,0
961,Negative,0,1,0
962,Mixed,1,1,0
963,Mixed,1,1,0
964,Neutral,0,0,1
965,Positive,1,0,0
966,Neutral,0,0,1
967,Positive,1,0,0
968,Negative,0,1,0
969,Negative,0,1,0
970,Mixed,1,2,0
971,Neutral,0,0,2
972,Negative,0,2,0
973,Negative,0,1,0
974,Neutral,0,0,1
975,Positive,1,0,0
976,Negative,0,1,0
977,Negative,0,1,0
978,Negative,0,2,0
979,Positive,1,0,0
980,Mixed,1,1,0
981,Mixed,1,1,0
982,Negative,0,2,1
983,Negative,0,2,0
984,Neutral,0,0,1
985,Mixed,1,1,0
986,Mixed,1,1,0
987,Negative,0,1,0
988,Negative,0,3,1
989,Negative,0,1,0
990,Negative,0,1,1
991,Positive,1,0,0
992,Neutral,0,0,1
993,Mixed,1,1,0
994,Neutral,0,0,2
995,Positive,1,0,0
996,Negative,0,1,0
997,Mixed,2,1,1
998,Mixed,1,1,0
999,Positive,1,0,2
1000,Positive,1,0,0
1001,Negative,0,1,0
1002,Negative,0,1,0
1003,Positive,1,0,2
1004,Positive,1,0,0
1005,Neutral,0,0,2
1006,Negative,0,1,0
1007,Negative,0,1,0
1008,Mixed,1,1,1
1009,Negative,0,1,0
1010,Neutral,0,0,1
1011,Negative,0,2,0
1012,Positive,1,0,1
1013,Negative,0,1,0
1014,Negative,0,2,0
1015,Positive,1,0,0
1016,Neutral,0,0,1
1017,Mixed,1,1,0
1018,Positive,1,0,1
1019,Negative,0,1,2
1020,Neutral,0,0,3
1021,Negative,0,1,2
1022,Negative,0,1,0
1023,Negative,0,1,1
1024,Negative,0,2,1
1025,Neutral,0,0,4
1026,Positive,1,0,0
1027,Positive,1,0,1
1028,Negative,0,1,2
1029,Negative,0,1,0
1030,Negative,0,1,2
1031,Neutral,0,0,2
1032,Mixed,1,1,1
1033,Negative,0,2,0
1034,Negative,0,1,0
1035,Negative,0,1,1
1036,Negative,0,1,0
1037,Negative,0,1,0
1038,Neutral,0,0,1
1039,Positive,1,0,1
1040,Negative,0,2,0
1041,Positive,2,0,1
1042,Negative,0,1,1
1043,Negative,0,1,0
1044,Negative,0,1,0
1045,Positive,2,0,1
1046,Mixed,1,1,1
1047,Negative,0,1,1
1048,Negative,0,2,0
1049,Neutral,0,0,1
1050,Negative,0,3,1
1051,Neutral,0,0,2
1052,Neutral,0,0,1
1053,Neutral,0,0,2
1054,Negative,0,1,0
1055,Negative,0,1,2
1056,Negative,0,1,0
1057,Negative,0,1,1
1058,Negative,0,1,1
1059,Negative,0,1,1
1060,Mixed,1,2,1
1061,Negative,0,1,0
1062,Negative,0,1,0
1063,Negative,0,1,0
1064,Neutral,0,0,1
1065,Neutral,0,0,1
1066,Negative,0,1,0
1067,Neutral,0,0,1
1068,Positive,1,0,1
1069,Neutral,0,0,1
1070,Mixed,1,1,0
1071,Negative,0,1,1
1072,Positive,1,0,1
1073,Negative,0,1,0
1074,Positive,1,0,1
1075,Neutral,0,0,3
1076,Mixed,1,1,0
1077,Negative,0,1,2
1078,Neutral,0,0,1
1079,Neutral,0,0,1
1080,Negative,0,1,0
1081,Mixed,1,1,0
1082,Negative,0,2,1
1083,Negative,0,1,1
1084,Negative,0,1,1
1085,Negative,0,1,0
1086,Negative,0,1,0
1087,Negative,0,1,0
1088,Negative,0,1,0
1089,Negative,0,1,0
1090,Negative,0,2,0
1091,Negative,0,1,0
1092,Positive,2,0,0
1093,Neutral,0,0,1
1094,Negative,0,1,0
1095,Positive,1,0,1
1096,Neutral,0,0,1
1097,Neutral,0,0,1
1098,Neutral,0,0,1
1099,Negative,0,1,0
1100,Neutral,0,0,1
1101,Negative,0,1,0
1102,Positive,1,0,0
1103,Neutral,0,0,1
1104,Negative,0,1,0
1105,Mixed,1,3,1
1106,Positive,1,0,1
1107,Negative,0,1,0
1108,Positive,1,0,0
1109,Negative,0,1,0
1110,Negative,0,1,0
1111,Negative,0,2,0
1112,Mixed,1,1,0
1113,Negative,0,1,1
1114,Neutral,0,0,1
1115,Negative,0,1,0
1116,Mixed,2,1,0
1117,Negative,0,2,0
1118,Positive,1,0,0
1119,Mixed,1,2,0
1120,Neutral,0,0,1
1121,Negative,0,3,0
1122,Positive,1,0,0
1123,Negative,0,2,0
1124,Neutral,0,0,1
1125,Negative,0,1,0
1126,Negative,0,1,2
1127,Positive,2,0,0
1128,Negative,0,1,0
1129,Negative,0,1,0
1130,Neutral,0,0,2
1131,Negative,0,2,0
1132,Negative,0,1,0
1133,Negative,0,1,0
1134,Neutral,0,0,2
1135,Neutral,0,0,2
1136,Negative,0,1,0
1137,Negative,0,1,0
1138,Negative,0,1,2
1139,Negative,0,1,1
1140,Positive,1,0,1
1141,Positive,1,0,0
1142,Negative,0,1,0
1143,Negative,0,1,0
1144,Negative,0,1,0
1145,Negative,0,1,1
1146,Positive,1,0,0
1147,Neutral,0,0,1
1148,Neutral,0,0,1
1149,Negative,0,1,1
1150,Positive,1,0,0
1151,Negative,0,1,0
1152,Mixed,1,1,0
1153,Mixed,1,1,0
1154,Neutral,0,0,2
1155,Neutral,0,0,4
1156,Negative,0,1,0
1157,Negative,0,1,0
1158,Negative,0,1,1
1159,Positive,1,0,1
1160,Negative,0,1,0
1161,Neutral,0,0,1
1162,Positive,1,0,1
1163,Neutral,0,0,1
1164,Neutral,0,0,1
1165,Negative,0,1,0
1166,Negative,0,1,1
1167,Positive,1,0,0
1168,Negative,0,1,0
1169,Positive,1,0,0
1170,Negative,0,1,0
1171,Positive,1,0,1
1172,Positive,2,0,1
1173,Mixed,1,1,1
1174,Negative,0,1,0
1175,Mixed,3,1,1
1176,Negative,0,2,3
1177,Mixed,1,1,1
1178,Negative,0,2,0
1179,Positive,1,0,0
1180,Positive,2,0,0
1181,Negative,0,1,0
1182,Neutral,0,0,1
1183,Negative,0,1,1
1184,Neutral,0,0,2
1185,Mixed,1,1,0
1186,Negative,0,1,0
1187,Negative,0,1,0
1188,Negative,0,1,0
1189,Neutral,0,0,1
1190,Negative,0,1,1
1191,Negative,0,1,0
1192,Negative,0,1,0
1193,Mixed,1,2,0
1194,Positive,1,0,0
1195,Negative,0,2,0
1196,Negative,0,1,0
1197,Negative,0,1,0
1198,Negative,0,1,1
1199,Positive,1,0,0
1200,Negative,0,1,0
1201,Positive,1,0,2
1202,Positive,1,0,0
1203,Negative,0,1,0
1204,Positive,2,0,0
1205,Negative,0,1,2
1206,Neutral,0,0,1
1207,Negative,0,1,0
1208,Negative,0,1,0
1209,Positive,1,0,0
1210,Neutral,0,0,2
1211,Neutral,0,0,1
1212,Negative,0,1,1
1213,Negative,0,2,0
1214,Positive,1,0,1
1215,Mixed,1,1,0
1216,Negative,0,1,0
1217,Positive,1,0,0
1218,Neutral,0,0,1
1219,Negative,0,1,0
1220,Positive,1,0,0
1221,Positive,1,0,3
1222,Negative,0,1,1
1223,Neutral,0,0,1
1224,Positive,3,0,1
1225,Negative,0,1,1
1226,Neutral,0,0,1
1227,Negative,0,1,0
1228,Positive,2,0,0
1229,Neutral,0,0,2
1230,Negative,0,1,0
1231,Negative,0,1,0
1232,Mixed,1,2,1
1233,Neutral,0,0,2
1234,Negative,0,1,0
1235,Negative,0,1,0
1236,Negative,0,1,0
1237,Positive,1,0,1
1238,Positive,1,0,1
1239,Mixed,1,1,1
1240,Negative,0,1,0
1241,Negative,0,1,0
1242,Neutral,0,0,1
1243,Neutral,0,0,1
1244,Positive,2,0,0
1245,Negative,0,2,1
1246,Mixed,1,1,0
1247,Mixed,1,1,1
1248,Neutral,0,0,1
1249,Mixed,1,1,0
1250,Negative,0,1,0
1251,Positive,1,0,1
1252,Negative,0,1,0
1253,Mixed,1,1,0
1254,Neutral,0,0,1
1255,Positive,2,0,2
1256,Negative,0,1,2
1257,Neutral,0,0,1
1258,Positive,2,0,2
1259,Neutral,0,0,1
1260,Positive,2,0,0
1261,Neutral,0,0,1
1262,Negative,0,2,1
1263,Neutral,0,0,1
1264,Negative,0,1,0
1265,Neutral,0,0,1
1266,Positive,1,0,1
1267,Positive,1,0,1
1268,Mixed,1,1,0
1269,Negative,0,2,0
1270,Neutral,0,0,1
1271,Neutral,0,0,1
1272,Positive,1,0,0
1273,Neutral,0,0,1
1274,Positive,1,0,0
1275,Neutral,0,0,1
1276,Neutral,0,0,1
1277,Positive,1,0,1
1278,Mixed,1,2,0
1279,Positive,1,0,2
1280,Neutral,0,0,1
1281,Negative,0,1,1
1282,Neutral,0,0,3
1283,Neutral,0,0,2
1284,Negative,0,1,0
1285,Mixed,1,1,1
1286,Neutral,0,0,1
1287,Negative,0,1,2
1288,Negative,0,2,0
1289,Negative,0,1,0
1290,Negative,0,2,2
1291,Negative,0,1,2
1292,Neutral,0,0,2
1293,Negative,0,1,0
1294,Mixed,1,1,0
1295,Mixed,1,1,1
1296,Positive,2,0,0
1297,Mixed,1,1,2
1298,Negative,0,1,0
1299,Negative,0,1,0
1300,Negative,0,1,0
1301,Negative,0,1,1
1302,Negative,0,1,0
1303,Neutral,0,0,4
1304,Negative,0,1,1
1305,Neutral,0,0,1
1306,Positive,1,0,0
1307,Positive,1,0,1
1308,Positive,1,0,0
1309,Negative,0,1,0
1310,Mixed,1,1,1
1311,Negative,0,1,0
1312,Negative,0,1,0
1313,Negative,0,1,0
1314,Positive,1,0,0
1315,Positive,1,0,1
1316,Neutral,0,0,2
1317,Negative,0,2,0
1318,Negative,0,2,1
1319,Mixed,1,1,0
1320,Negative,0,1,0
1321,Negative,0,1,0
1322,Neutral,0,0,1
1323,Mixed,1,1,0
1324,Neutral,0,0,1
1325,Neutral,0,0,1
1326,Mixed,1,1,0
1327,Neutral,0,0,1
1328,Negative,0,2,2
1329,Negative,0,1,0
1330,Positive,1,0,1
1331,Negative,0,1,2
1332,Neutral,0,0,1
1333,Neutral,0,0,1
1334,Mixed,1,1,1
1335,Negative,0,1,0
1336,Positive,1,0,0
1337,Neutral,0,0,1
1338,Neutral,0,0,1
1339,Mixed,1,1,0
1340,Negative,0,1,0
1341,Negative,0,1,0
1342,Positive,1,0,0
1343,Positive,2,0,0
1344,Negative,0,1,0
1345,Negative,0,1,0
1346,Negative,0,1,0
1347,Negative,0,1,1
1348,Negative,0,1,0
1349,Mixed,1,1,0
1350,Negative,0,1,0
1351,Negative,0,1,1
1352,Positive,1,0,0
1353,Neutral,0,0,1
1354,Positive,1,0,1
1355,Negative,0,1,0
1356,Negative,0,1,0
1357,Mixed,1,1,2
1358,Neutral,0,0,2
1359,Neutral,0,0,1
1360,Positive,1,0,0
1361,Negative,0,1,0
1362,Positive,1,0,1
1363,Negative,0,1,1
1364,Negative,0,1,2
1365,Positive,1,0,0
1366,Negative,0,1,0
1367,Negative,0,1,0
1368,Negative,0,1,0
1369,Neutral,0,0,4
1370,Mixed,1,1,0
1371,Negative,0,1,3
1372,Negative,0,1,1
1373,Neutral,0,0,1
1374,Mixed,1,1,0
1375,Negative,0,1,0
1376,Negative,0,1,0
1377,Neutral,0,0,1
1378,Negative,0,2,0
1379,Negative,0,1,0
1380,Neutral,0,0,1
1381,Neutral,0,0,2
1382,Mixed,1,1,1
1383,Neutral,0,0,2
1384,Negative,0,1,0
1385,Neutral,0,0,1
1386,Negative,0,2,0
1387,Negative,0,1,0
1388,Negative,0,2,0
1389,Neutral,0,0,3
1390,Negative,0,1,0
1391,Negative,0,1,0
1392,Positive,1,0,0
1393,Neutral,0,0,2
1394,Positive,1,0,1
1395,Negative,0,1,0
1396,Positive,1,0,0
1397,Neutral,0,0,1
1398,Neutral,0,0,1
1399,Positive,1,0,0
1400,Mixed,1,1,0
1401,Positive,1,0,0
1402,Negative,0,1,2
1403,Positive,1,0,0
1404,Negative,0,2,1
1405,Negative,0,1,1
1406,Negative,0,1,1
1407,Negative,0,1,1
1408,Neutral,0,0,1
1409,Neutral,0,0,1
1410,Negative,0,1,1
1411,Negative,0,1,0
1412,Negative,0,1,0
1413,Neutral,0,0,1
1414,Neutral,0,0,1
1415,Negative,0,1,1
1416,Negative,0,2,1
1417,Negative,0,1,1
1418,Neutral,0,0,1
1419,Neutral,0,0,2
1420,Negative,0,1,0
1421,Negative,0,1,1
1422,Positive,1,0,0
1423,Neutral,0,0,2
1424,Neutral,0,0,1
1425,Negative,0,1,0
1426,Negative,0,2,0
1427,Negative,0,2,0
1428,Negative,0,1,0
1429,Negative,0,3,1
1430,Neutral,0,0,4
1431,Mixed,1,2,1
1432,Negative,0,1,1
1433,Mixed,1,1,0
1434,Negative,0,1,2
1435,Neutral,0,0,3
1436,Negative,0,1,1
1437,Neutral,0,0,2
1438,Negative,0,1,0
1439,Neutral,0,0,1
1440,Neutral,0,0,1
1441,Positive,1,0,0
1442,Negative,0,1,2
1443,Mixed,1,1,0
1444,Positive,2,0,2
1445,Negative,0,1,0
1446,Neutral,0,0,1
1447,Negative,0,1,0
1448,Negative,0,1,0
1449,Negative,0,2,0
1450,Negative,0,1,0
1451,Negative,0,1,0
1452,Positive,1,0,0
1453,Negative,0,1,0
1454,Negative,0,1,0
1455,Neutral,0,0,1
1456,Negative,0,1,0
1457,Positive,1,0,0
1458,Negative,0,1,1
1459,Mixed,1,1,0
1460,Positive,1,0,0
1461,Positive,1,0,0
1462,Negative,0,1,1
1463,Negative,0,2,0
1464,Neutral,0,0,2
1465,Mixed,1,1,0
1466,Negative,0,1,0
1467,Negative,0,1,1
1468,Negative,0,1,0
1469,Negative,0,1,0
1470,Positive,1,0,0
1471,Negative,0,1,3
1472,Positive,1,0,0
1473,Neutral,0,0,1
1474,Neutral,0,0,2
1475,Positive,1,0,0
1476,Negative,0,1,0
1477,Negative,0,1,0
1478,Mixed,2,1,0
1479,Mixed,1,1,0
1480,Negative,0,1,0
1481,Negative,0,1,1
1482,Neutral,0,0,2
1483,Negative,0,1,0
1484,Negative,0,1,0
1485,Neutral,0,0,1
1486,Positive,2,0,2
1487,Positive,1,0,1
1488,Positive,1,0,0
1489,Negative,0,1,0
1490,Negative,0,1,1
1491,Negative,0,1,0
1492,Neutral,0,0,3
1493,Positive,1,0,0
1494,Positive,1,0,0
1495,Positive,2,0,3
1496,Negative,0,1,0
1497,Negative,0,1,0
1498,Negative,0,1,0
1499,Mixed,1,1,1
1500,Mixed,1,1,0
1501,Mixed,1,1,1
1502,Positive,1,0,0
1503,Neutral,0,0,1
1504,Neutral,0,0,1
1505,Negative,0,1,0
1506,Positive,1,0,0
1507,Negative,0,1,0
1508,Negative,0,1,0
1509,Negative,0,1,0
1510,Positive,1,0,1
1511,Positive,1,0,2
1512,Neutral,0,0,1
1513,Positive,1,0,3
1514,Neutral,0,0,4
1515,Positive,1,0,1
1516,Negative,0,1,0
1517,Positive,1,0,0
1518,Negative,0,1,0
1519,Positive,1,0,0
1520,Positive,1,0,0
1521,Negative,0,1,0
1522,Neutral,0,0,2
1523,Negative,0,1,0
1524,Neutral,0,0,1
1525,Neutral,0,0,1
1526,Negative,0,1,0
1527,Mixed,2,1,0
1528,Positive,1,0,1
1529,Positive,2,0,1
1530,Negative,0,2,1
1531,Negative,0,1,0
1532,Positive,1,0,1
1533,Positive,2,0,1
1534,Mixed,1,1,0
1535,Neutral,0,0,1
1536,Positive,1,0,0
1537,Negative,0,1,1
1538,Positive,2,0,0
1539,Neutral,0,0,2
1540,Positive,1,0,0
1541,Positive,1,0,0
1542,Negative,0,2,0
1543,Negative,0,1,0
1544,Negative,0,1,0
1545,Mixed,1,1,2
1546,Negative,0,1,0
1547,Positive,1,0,1
1548,Neutral,0,0,1
1549,Neutral,0,0,1
1550,Neutral,0,0,1
1551,Negative,0,2,1
1552,Neutral,0,0,1
1553,Positive,1,0,2
1554,Neutral,0,0,3
1555,Neutral,0,0,2
1556,Neutral,0,0,1
1557,Neutral,0,0,2
1558,Positive,1,0,3
1559,Negative,0,1,0
1560,Neutral,0,0,1
1561,Negative,0,1,1
1562,Positive,2,0,0
1563,Negative,0,1,0
1564,Negative,0,1,0
1565,Negative,0,2,0
1566,Neutral,0,0,1
1567,Negative,0,1,0
1568,Positive,1,0,1
1569,Neutral,0,0,1
1570,Positive,2,0,0
1571,Neutral,0,0,1
1572,Positive,1,0,0
1573,Positive,1,0,0
1574,Mixed,1,1,1
1575,Negative,0,1,0
1576,Negative,0,1,1
1577,Neutral,0,0,1
1578,Negative,0,1,1
1579,Negative,0,1,0
1580,Negative,0,1,0
1581,Negative,0,1,0
1582,Mixed,1,2,0
1583,Negative,0,1,2
1584,Negative,0,1,0
1585,Positive,1,0,0
1586,Neutral,0,0,1
1587,Neutral,0,0,3
1588,Negative,0,1,1
1589,Mixed,1,1,0
1590,Negative,0,1,1
1591,Negative,0,2,0
1592,Mixed,1,1,0
1593,Negative,0,1,0
1594,Negative,0,1,1
1595,Negative,0,1,1
1596,Negative,0,1,0
1597,Neutral,0,0,1
1598,Negative,0,1,0
1599,Neutral,0,0,1
1600,Neutral,0,0,1
